idx,ref_x,ref_y,road_id,section_id,lane_id,lane_width,left_drivable_width,right_drivable_width,left_boundary_x,left_boundary_y,right_boundary_x,right_boundary_y
0,106.44632,-12.720764,0,0,-1,3.5,1.75,5.25,104.696322,-12.723746,111.696312,-12.71182
1,106.445732,-14.727763,0,0,-1,3.5,1.75,5.25,104.695737,-14.723745,111.695718,-14.739818
2,106.439728,-16.7265,0,0,-1,3.5,1.75,5.25,104.68973,-16.723734,111.689721,-16.734796
3,106.442154,-18.716688,0,0,-1,3.5,1.75,5.25,104.692168,-18.72373,111.692111,-18.695562
4,106.455727,-20.706831,0,0,-1,3.5,1.75,5.25,104.705808,-20.72368,111.705483,-20.656283
5,106.480461,-22.699663,10,0,-1,3.5,1.75,5.25,104.730624,-22.723534,111.729973,-22.628051
6,106.455948,-24.788099,10,0,-1,3.5,1.75,5.25,104.707152,-24.723181,111.702334,-24.982854
7,106.325546,-26.872604,10,0,-1,3.5,1.75,5.25,104.582295,-26.719065,111.555301,-27.333223
8,106.089584,-28.947813,10,0,-1,3.5,1.75,5.25,104.356365,-28.706047,111.289242,-29.67311
9,105.74865,-31.008379,10,0,-1,3.5,1.75,5.25,104.029925,-30.67901,110.904825,-31.996487
10,105.303642,-33.049,10,0,-1,3.5,1.75,5.25,103.603836,-32.632875,110.40306,-34.297375
11,104.755707,-35.064423,10,0,-1,3.5,1.75,5.25,103.079196,-34.562613,109.785238,-36.569851
12,104.106232,-37.049454,10,0,-1,3.5,1.75,5.25,102.457333,-36.463251,109.052928,-38.80806
13,103.356918,-38.998993,10,0,-1,3.5,1.75,5.25,101.739876,-38.329907,108.208044,-41.00625
14,102.509674,-40.908009,10,0,-1,3.5,1.75,5.25,100.928652,-40.157762,107.25274,-43.158748
15,101.566696,-42.771595,10,0,-1,3.5,1.75,5.25,100.025764,-41.94212,106.189491,-45.260021
16,100.530396,-44.584953,10,0,-1,3.5,1.75,5.25,99.033521,-43.678384,105.021018,-47.30466
17,99.403458,-46.343407,10,0,-1,3.5,1.75,5.25,97.954495,-45.362078,103.750346,-49.287394
18,98.188774,-48.042439,10,0,-1,3.5,1.75,5.25,96.791453,-46.988877,102.380739,-51.203124
19,96.889465,-49.67767,10,0,-1,3.5,1.75,5.25,95.547383,-48.554586,100.915711,-53.046919
20,95.508888,-51.244888,10,0,-1,3.5,1.75,5.25,94.225501,-50.055176,99.359051,-54.814026
21,94.050598,-52.740063,10,0,-1,3.5,1.75,5.25,92.829209,-51.486784,97.714767,-56.499899
22,92.518341,-54.159344,10,0,-1,3.5,1.75,5.25,91.362094,-52.845725,95.987081,-58.1002
23,90.916069,-55.499073,10,0,-1,3.5,1.75,5.25,89.827942,-54.128497,94.18045,-59.610802
24,89.247894,-56.75581,10,0,-1,3.5,1.75,5.25,88.230689,-55.331804,92.299512,-61.027827
25,87.518127,-57.926311,10,0,-1,3.5,1.75,5.25,86.574462,-56.452542,90.349124,-62.347619
26,85.731224,-59.007565,10,0,-1,3.5,1.75,5.25,84.863528,-57.487826,88.334311,-63.566779
27,83.891754,-59.996788,10,0,-1,3.5,1.75,5.25,83.102262,-58.434994,86.260231,-64.682171
28,82.004501,-60.891438,10,0,-1,3.5,1.75,5.25,81.295245,-59.291608,84.132272,-65.690926
29,80.07428,-61.689201,10,0,-1,3.5,1.75,5.25,79.447085,-60.055455,81.955865,-66.59044
30,78.106079,-62.388035,10,0,-1,3.5,1.75,5.25,77.562561,-60.724578,79.736633,-67.378405
31,76.104973,-62.986134,10,0,-1,3.5,1.75,5.25,75.646531,-61.297249,77.480299,-68.052787
32,74.076096,-63.48196,10,0,-1,3.5,1.75,5.25,73.70391,-61.771996,75.192653,-68.611853
33,72.024689,-63.874237,10,0,-1,3.5,1.75,5.25,71.739718,-62.147595,72.879601,-69.054162
34,69.956017,-64.161949,10,0,-1,3.5,1.75,5.25,69.758993,-62.423075,70.547086,-69.37857
35,67.87542,-64.344368,10,0,-1,3.5,1.75,5.25,67.766852,-62.597739,68.201123,-69.584255
36,65.788246,-64.421013,10,0,-1,3.5,1.75,5.25,65.768414,-62.671125,65.847744,-69.670676
37,63.767708,-64.423019,10,0,-1,3.5,1.75,5.25,63.768423,-62.67302,63.765562,-69.673019
38,61.767708,-64.422203,10,0,-1,3.5,1.75,5.25,61.768423,-62.672203,61.765562,-69.672203
39,59.767708,-64.421387,10,0,-1,3.5,1.75,5.25,59.768423,-62.671387,59.765562,-69.671386
40,57.767708,-64.42057,10,0,-1,3.5,1.75,5.25,57.768423,-62.67057,57.765562,-69.67057
41,55.767708,-64.419754,10,0,-1,3.5,1.75,5.25,55.768423,-62.669754,55.765562,-69.669754
42,53.767708,-64.418938,10,0,-1,3.5,1.75,5.25,53.768423,-62.668938,53.765562,-69.668937
43,51.767708,-64.418121,10,0,-1,3.5,1.75,5.25,51.768423,-62.668121,51.765562,-69.668121
44,49.767708,-64.417305,10,0,-1,3.5,1.75,5.25,49.768423,-62.667305,49.765562,-69.667305
45,47.767708,-64.416489,10,0,-1,3.5,1.75,5.25,47.768423,-62.666489,47.765562,-69.666488
46,45.767708,-64.415672,10,0,-1,3.5,1.75,5.25,45.768423,-62.665672,45.765562,-69.665672
47,43.767708,-64.414848,10,0,-1,3.5,1.75,5.25,43.768423,-62.664848,43.765562,-69.664848
48,41.767708,-64.414032,10,0,-1,3.5,1.75,5.25,41.768423,-62.664032,41.765562,-69.664032
49,39.767712,-64.413216,10,0,-1,3.5,1.75,5.25,39.768427,-62.663216,39.765565,-69.663215
50,37.767712,-64.412399,10,0,-1,3.5,1.75,5.25,37.768427,-62.662399,37.765565,-69.662399
51,35.767712,-64.411583,10,0,-1,3.5,1.75,5.25,35.768427,-62.661583,35.765565,-69.661583
52,33.767712,-64.410767,10,0,-1,3.5,1.75,5.25,33.768427,-62.660767,33.765565,-69.660766
53,31.767706,-64.40995,10,0,-1,3.5,1.75,5.25,31.768421,-62.65995,31.76556,-69.65995
54,29.76771,-64.409134,10,0,-1,3.5,1.75,5.25,29.768425,-62.659134,29.765564,-69.659134
55,27.76771,-64.408318,10,0,-1,3.5,1.75,5.25,27.768425,-62.658318,27.765564,-69.658317
56,25.76771,-64.407501,10,0,-1,3.5,1.75,5.25,25.768425,-62.657501,25.765564,-69.657501
57,23.76771,-64.406677,10,0,-1,3.5,1.75,5.25,23.768425,-62.656677,23.765564,-69.656677
58,21.76771,-64.405861,10,0,-1,3.5,1.75,5.25,21.768425,-62.655861,21.765564,-69.655861
59,19.76771,-64.405045,10,0,-1,3.5,1.75,5.25,19.768425,-62.655045,19.765564,-69.655044
60,17.76771,-64.404228,10,0,-1,3.5,1.75,5.25,17.768425,-62.654228,17.765564,-69.654228
61,15.76771,-64.403412,10,0,-1,3.5,1.75,5.25,15.768425,-62.653412,15.765564,-69.653412
62,13.76771,-64.402596,10,0,-1,3.5,1.75,5.25,13.768425,-62.652596,13.765564,-69.652595
63,11.76771,-64.401779,10,0,-1,3.5,1.75,5.25,11.768425,-62.651779,11.765564,-69.651779
64,9.76771,-64.400963,10,0,-1,3.5,1.75,5.25,9.768425,-62.650963,9.765564,-69.650963
65,7.76771,-64.400146,10,0,-1,3.5,1.75,5.25,7.768426,-62.650147,7.765564,-69.650146
66,5.777015,-64.403847,17,0,-1,3.5,1.75,5.25,5.76803,-62.65387,5.803968,-69.653778
67,3.788906,-64.420776,17,0,-1,3.5,1.75,5.25,3.768107,-62.6709,3.851305,-69.670406
68,1.79627,-64.450142,17,0,-1,3.5,1.75,5.25,1.768325,-62.700365,1.880104,-69.699473
69,-0.203475,-64.482079,17,0,-1,3.5,1.75,5.25,-0.23142,-62.732302,-0.119641,-69.731409
70,-2.205825,-64.513489,17,0,-1,3.5,1.75,5.25,-2.231173,-62.763672,-2.12978,-69.762938
71,-4.212667,-64.538536,17,0,-1,3.5,1.75,5.25,-4.231016,-62.788632,-4.157622,-69.788248
72,-6.213339,-64.559402,7,0,1,3.5,1.75,5.25,-6.231566,-62.809497,-6.158661,-69.809118
73,-8.213231,-64.580231,7,0,1,3.5,1.75,5.25,-8.231457,-62.830326,-8.158552,-69.829946
74,-10.213122,-64.601059,7,0,1,3.5,1.75,5.25,-10.231349,-62.851154,-10.158444,-69.850774
75,-12.213015,-64.621887,7,0,1,3.5,1.75,5.25,-12.231241,-62.871982,-12.158336,-69.871602
76,-14.212906,-64.642715,7,0,1,3.5,1.75,5.25,-14.231132,-62.89281,-14.158227,-69.892431
77,-16.212795,-64.663551,7,0,1,3.5,1.75,5.25,-16.231021,-62.913646,-16.158117,-69.913267
78,-18.212688,-64.68438,7,0,1,3.5,1.75,5.25,-18.230915,-62.934474,-18.15801,-69.934095
79,-20.21258,-64.705208,7,0,1,3.5,1.75,5.25,-20.230806,-62.955303,-20.157901,-69.954923
80,-22.212471,-64.726036,7,0,1,3.5,1.75,5.25,-22.230697,-62.976131,-22.157792,-69.975751
81,-24.212362,-64.746864,7,0,1,3.5,1.75,5.25,-24.230588,-62.996959,-24.157684,-69.99658
82,-26.212254,-64.7677,7,0,1,3.5,1.75,5.25,-26.23048,-63.017795,-26.157575,-70.017415
83,-28.211493,-64.788521,24,0,1,3.5,1.75,5.25,-28.229719,-63.038616,-28.156814,-70.038236
84,-30.211384,-64.809349,24,0,1,3.5,1.75,5.25,-30.22961,-63.059444,-30.156705,-70.059064
85,-32.211277,-64.830177,24,0,1,3.5,4.725,5.25,-32.260488,-63.105434,-32.156598,-70.079893
86,-34.272259,-64.843559,24,0,1,3.5,4.725,5.25,-34.156499,-62.719978,-34.400881,-70.091983
87,-36.559059,-64.587883,24,0,1,3.5,4.725,5.25,-35.628766,-62.25537,-37.592718,-69.73512
88,-38.767265,-63.940876,24,0,1,3.5,4.725,5.25,-38.050428,-62.33882,-40.674862,-68.832049
89,-40.830452,-62.922005,24,0,1,3.5,4.725,5.25,-39.973685,-61.2007229,-43.554587,-67.409943
90,-42.68652,-61.561928,24,0,1,3.5,4.725,5.25,-40.573685,-60.2007229,-46.145225,-65.511593
91,-44.279633,-59.901566,24,0,1,3.5,4.725,5.25,-42.599346,-59.338271,-48.36884,-63.194115
92,-45.547287,-58.075127,24,0,1,3.5,4.725,5.25,-44.017858,-55.800747,-50.02443,-60.816967
93,-46.588009,-56.156765,24,0,1,3.5,4.725,5.25,-44.722461,-54.124346,-51.327507,-58.415008
94,-47.422253,-54.14003,24,0,1,3.5,4.725,5.25,-44.967431,-52.565169,-52.372055,-55.889875
95,-48.040867,-52.047058,24,0,1,3.5,4.725,5.25,-45.445695,-50.947051,-53.146614,-53.269289
96,-48.437042,-49.900837,24,0,1,3.5,4.725,5.25,-45.751984,-49.287764,-53.642662,-50.58203
97,-48.606445,-47.724945,24,0,1,3.5,4.725,5.25,-45.882954,-47.605538,-53.854769,-47.857619
98,-48.625046,-45.694023,24,0,1,3.5,4.725,5.25,-45.90018,-45.65837,-53.874896,-45.733637
99,-48.640137,-43.693798,24,0,1,3.5,4.725,5.25,-45.915271,-43.658145,-53.889987,-43.733412
100,-48.655228,-41.693851,22,0,-1,3.5,4.725,5.25,-45.930362,-41.6582,-53.905078,-41.733464
101,-48.670319,-39.693909,22,0,-1,3.5,4.725,5.25,-45.945453,-39.658257,-53.920169,-39.733522
102,-48.68541,-37.693966,22,0,-1,3.5,4.725,5.25,-45.960544,-37.658314,-53.93526,-37.733579
103,-48.7005,-35.694023,22,0,-1,3.5,4.725,5.25,-45.975635,-35.658371,-53.950351,-35.733636
104,-48.715591,-33.69408,22,0,-1,3.5,4.725,5.25,-45.990726,-33.658429,-53.965442,-33.733693
105,-48.730682,-31.694139,22,0,-1,3.5,4.725,5.25,-46.005817,-31.658488,-53.980533,-31.733752
106,-48.745773,-29.694197,22,0,-1,3.5,4.725,5.25,-46.020908,-29.658545,-53.995624,-29.73381
107,-48.760864,-27.694254,22,0,-1,3.5,4.725,5.25,-46.035999,-27.658602,-54.010715,-27.733867
108,-48.775955,-25.694311,22,0,-1,3.5,4.725,5.25,-46.05109,-25.658659,-54.025806,-25.733924
109,-48.791046,-23.694366,22,0,-1,3.5,4.725,5.25,-46.066181,-23.658715,-54.040897,-23.733979
110,-48.806137,-21.694424,22,0,-1,3.5,4.725,5.25,-46.081272,-21.658772,-54.055988,-21.734037
111,-48.821228,-19.694481,22,0,-1,3.5,4.725,5.25,-46.096363,-19.658829,-54.071078,-19.734094
112,-48.836319,-17.694538,22,0,-1,3.5,4.725,5.25,-46.111454,-17.658886,-54.086169,-17.734151
113,-48.849014,-15.688957,16,0,1,3.5,4.725,5.25,-46.124059,-15.66848,-54.098965,-15.71171
114,-48.853455,-13.68154,16,0,1,3.5,4.725,5.25,-46.128455,-13.681106,-54.103455,-13.682023
115,-48.84938,-11.674123,16,0,1,3.5,4.725,5.25,-46.124421,-11.69373,-54.099335,-11.652338
116,-48.838669,-9.671615,16,0,1,3.5,4.725,5.25,-46.113743,-9.698065,-54.088587,-9.642225
117,-48.828297,-7.674844,16,0,1,3.5,4.725,5.25,-46.10333,-7.692652,-54.078259,-7.655057
118,-48.822472,-5.676524,16,0,1,3.5,4.725,5.25,-46.09749,-5.68982,-54.072451,-5.66175
119,-48.816841,-3.676531,15,0,1,3.5,4.725,5.25,-46.09186,-3.689827,-54.06682,-3.661758
120,-48.811214,-1.67654,382,0,1,3.5,4.725,4.725,-46.086233,-1.689836,-53.536196,-1.663243
121,-48.805588,0.323453,382,0,1,3.5,4.725,4.725,-46.080606,0.310157,-53.530569,0.336749
122,-48.799961,2.323445,382,0,1,3.5,4.725,4.725,-46.07498,2.310149,-53.524943,2.336741
123,-48.794331,4.323437,382,0,1,3.5,4.725,4.725,-46.069349,4.310141,-53.519312,4.336733
124,-48.788704,6.323429,382,0,1,3.5,4.725,4.725,-46.063723,6.310133,-53.513685,6.336725
125,-48.783077,8.323421,382,0,1,3.5,4.725,4.725,-46.058096,8.310125,-53.508059,8.336718
126,-48.730625,10.434684,382,0,1,3.5,4.725,4.725,-46.01624,10.11815,-53.445011,10.751218
127,-48.481697,12.587736,382,0,1,3.5,4.725,4.725,-45.819461,11.820158,-53.143933,13.355314
128,-48.027252,14.706955,382,0,1,3.5,4.725,4.725,-45.460217,13.49542,-52.594287,15.91849
129,-47.371494,16.77277,382,0,1,3.5,4.725,4.725,-44.941834,15.128466,-51.801155,18.417074
130,-46.520485,18.766104,382,0,1,3.5,4.725,4.725,-44.269103,16.704216,-50.771866,20.827991
131,-45.482071,20.668554,382,0,1,3.5,4.725,4.725,-43.448228,18.208121,-49.515914,23.128988
132,-44.243439,22.483671,382,0,1,3.5,4.725,4.725,-42.514112,19.582336,-47.972766,25.385006
133,-42.712822,24.162014,382,0,1,3.5,4.725,4.725,-41.481125,20.715021,-45.944519,27.609007
134,-40.939384,25.581358,382,0,1,3.5,4.725,4.725,-40.284262,21.672912,-43.594507,29.489804
135,-38.966454,26.707033,382,0,1,3.5,4.725,4.725,-38.952767,22.43261,-40.619734,29.821179
136,-36.842213,27.511539,382,0,1,3.5,4.725,4.725,-35.519153,22.975557,-38.619742,29.826737
137,-34.618565,27.975227,382,0,1,3.5,4.725,4.725,-34.018452,23.288492,-36.61975,29.832293
138,-32.405567,28.093996,382,0,1,3.5,4.725,4.725,-32.392438,23.369014,-34.619757,29.837851
139,-30.405571,28.099554,382,0,1,3.5,4.725,4.725,-30.392441,23.374572,-32.619765,29.843408
140,-28.405272,28.10511,20,0,-2,3.5,5.25,4.725,-28.390684,22.855131,-30.619774,29.848966
141,-26.405279,28.110668,20,0,-2,3.5,5.25,4.725,-26.390692,22.860689,-28.619782,29.854522
142,-24.405287,28.116224,20,0,-2,3.5,5.25,4.725,-24.3907,22.866245,-26.61979,29.860078
143,-22.405294,28.121782,20,0,-2,3.5,5.25,4.725,-22.390707,22.871803,-24.619797,29.865636
144,-20.405302,28.127338,20,0,-2,3.5,5.25,4.725,-20.390715,22.877359,-22.619805,29.871192
145,-18.40531,28.132896,20,0,-2,3.5,5.25,4.725,-18.390722,22.882917,-20.619813,29.87675
146,-16.405317,28.138453,20,0,-2,3.5,5.25,4.725,-16.39073,22.888473,-18.61982,29.882306
147,-14.405325,28.144011,20,0,-2,3.5,5.25,4.725,-14.390738,22.894031,-16.619828,29.887864
148,-12.405333,28.149567,20,0,-2,3.5,5.25,4.725,-12.390745,22.899587,-14.619835,29.89342
149,-10.40534,28.155125,20,0,-2,3.5,5.25,4.725,-10.390753,22.905145,-12.619843,29.898978
150,-8.405348,28.160681,20,0,-2,3.5,5.25,4.725,-8.390761,22.910701,-10.619851,29.904534
151,-6.405355,28.166239,20,0,-2,3.5,5.25,4.725,-6.390768,22.916259,-8.619858,29.910092
152,-4.405363,28.171795,20,0,-2,3.5,5.25,4.725,-4.390776,22.921815,-6.619866,29.915648
153,-2.40537,28.177353,20,0,-2,3.5,5.25,4.725,-2.390783,22.927373,-4.619874,29.921206
154,-0.40538,28.182909,20,0,-2,3.5,5.25,4.725,-0.390793,22.932929,-2.619881,29.926762
155,1.594612,28.188467,20,0,-2,3.5,5.25,4.725,1.6092,22.938487,-0.619889,29.93232
156,3.594605,28.194023,20,0,-2,3.5,5.25,4.725,3.609192,22.944043,1.380104,29.937877
157,5.594597,28.199581,20,0,-2,3.5,5.25,4.725,5.609184,22.949601,3.380094,29.943435
158,7.594589,28.205137,20,0,-2,3.5,5.25,4.725,7.609176,22.955158,5.380086,29.948991
159,9.594582,28.210695,20,0,-2,3.5,5.25,4.725,9.609169,22.960716,7.380079,29.954549
160,11.594574,28.216251,20,0,-2,3.5,5.25,4.725,11.609161,22.966272,9.380071,29.960105
161,13.594566,28.221807,20,0,-2,3.5,5.25,4.725,13.609154,22.971828,11.380063,29.965663
162,15.594559,28.227365,20,0,-2,3.5,5.25,4.725,15.609146,22.977386,13.380056,29.971219
163,17.594551,28.232922,20,0,-2,3.5,5.25,4.725,17.609138,22.982942,15.380048,29.976777
164,19.594543,28.23848,20,0,-2,3.5,5.25,4.725,19.609131,22.9885,17.380041,29.982333
165,21.594536,28.244036,20,0,-2,3.5,5.25,4.725,21.609123,22.994056,19.380033,29.987891
166,23.594528,28.249594,20,0,-2,3.5,5.25,4.725,23.609115,22.999614,21.380025,29.993447
167,25.594521,28.25515,20,0,-2,3.5,5.25,4.725,25.609108,23.00517,23.380018,29.999005
168,27.594513,28.260708,848,0,-1,3.5,4.725,4.725,27.607643,23.535726,25.38001,30.004561
169,29.431248,28.319006,848,0,-1,3.5,4.725,4.725,29.879679,23.615334,27.38,30.0101
170,31.160406,28.607292,848,0,-1,3.5,4.725,4.725,32.262224,24.012553,27.1704,30.0095
171,32.83226,29.134563,848,0,-1,3.5,4.725,4.725,34.565807,24.739061,29.1076,30.0473
172,34.413944,29.890457,848,0,-1,3.5,4.725,4.725,36.745149,25.780578,30.5983,30.2733
173,35.874374,30.860111,848,0,-1,3.5,4.725,4.725,38.757422,27.116629,33.4124,31.3356
174,37.178391,32.019989,848,0,-1,3.5,4.725,4.725,40.571216,28.73147,35.8142,33.1287
175,38.283672,33.350746,848,0,-1,3.5,4.725,1.75,42.139063,30.619155,36.85575,34.362447
176,39.172676,34.834736,848,0,-1,3.5,4.725,1.75,43.400121,32.724206,37.606956,35.616414
177,39.824532,36.437126,848,0,-1,3.5,4.725,1.75,44.324781,34.997203,38.157772,36.970431
178,40.223938,38.120285,848,0,-1,3.5,4.725,1.75,44.891341,37.384775,38.49527,38.392696
179,40.362335,39.862835,848,0,-1,3.5,4.725,1.75,45.086929,39.800896,38.612486,39.885775
180,40.388554,41.862663,848,0,-1,3.5,4.725,1.75,45.113148,41.800724,38.638704,41.885604
181,40.414772,43.862488,9,0,1,3.5,4.725,1.75,45.139366,43.800549,38.664922,43.885428
182,40.440987,45.862316,9,0,1,3.5,4.725,1.75,45.165581,45.800378,38.691137,45.885256
183,40.467205,47.862144,9,0,1,3.5,4.725,1.75,45.191799,47.800206,38.717355,47.885085
184,40.493423,49.861973,9,0,1,3.5,4.725,1.75,45.218017,49.800034,38.743574,49.884913
185,40.519642,51.861801,9,0,1,3.5,4.725,1.75,45.244236,51.799863,38.769792,51.884741
186,40.54586,53.861629,152,0,1,3.5,4.725,1.75,45.270454,53.799691,38.796011,53.88457
187,40.572075,55.861458,152,0,1,3.5,4.725,1.75,45.296669,55.799519,38.822225,55.884398
188,40.631466,57.977917,152,0,1,3.5,4.725,1.75,45.3412,57.598406,38.88712,58.118476
189,41.000198,60.231594,152,0,1,3.5,4.725,1.75,45.585304,59.090355,39.302011,60.654275
190,41.73093,62.395172,152,0,1,3.5,4.725,1.75,46.069054,60.522659,40.124218,63.088695
191,42.804161,64.410912,152,0,1,3.5,4.725,1.75,46.77954,61.857093,41.331799,65.35677
192,44.206066,66.237633,152,0,1,3.5,4.725,1.75,47.67755,63.032259,42.920331,67.424808
193,45.98922,67.79705,152,0,1,3.5,4.725,1.75,48.703351,63.929349,44.983986,69.229533
194,48.062111,68.943588,152,0,1,3.5,4.725,1.75,49.895829,64.588924,47.382956,70.556427
195,50.330757,69.625244,152,0,1,3.5,4.725,1.75,51.20092,64.98106,50.008475,71.345312
196,52.640888,69.815872,152,0,1,3.5,4.725,1.75,52.646931,65.090876,52.63865,71.565871
197,54.640888,69.818428,152,0,1,3.5,4.725,1.75,54.646931,65.093432,54.63865,71.568427
198,56.640884,69.820984,152,0,1,3.5,4.725,1.75,56.646927,65.095988,56.638646,71.570982
199,58.6413,69.82354,11,0,1,3.5,4.725,1.75,58.647343,65.098544,58.639062,71.573538
200,60.6413,69.826096,11,0,1,3.5,4.725,1.75,60.647343,65.1011,60.639062,71.576094
201,62.641296,69.828651,11,0,1,3.5,4.725,1.75,62.647339,65.103655,62.639058,71.57865
202,64.641296,69.831207,11,0,1,3.5,4.725,1.75,64.647339,65.106211,64.639058,71.581206
203,66.641296,69.833763,11,0,1,3.5,4.725,1.75,66.647339,65.108767,66.639058,71.583762
204,68.641296,69.836327,11,0,1,3.5,4.725,1.75,68.647339,65.111331,68.639058,71.586325
205,70.641289,69.838882,11,0,1,3.5,4.725,1.75,70.647331,65.113886,70.639051,71.588881
206,72.641289,69.841438,11,0,1,3.5,4.725,1.75,72.647331,65.116442,72.639051,71.591437
207,74.641289,69.843994,11,0,1,3.5,4.725,1.75,74.647331,65.118998,74.639051,71.593993
208,76.641289,69.84655,11,0,1,3.5,4.725,1.75,76.647331,65.121554,76.639051,71.596549
209,78.641289,69.849106,11,0,1,3.5,4.725,1.75,78.647331,65.12411,78.639051,71.599104
210,80.641289,69.851669,11,0,1,3.5,4.725,1.75,80.647331,65.126673,80.639051,71.601668
211,82.641281,69.854225,11,0,1,3.5,4.725,1.75,82.647324,65.129229,82.639043,71.604224
212,84.641281,69.856781,11,0,1,3.5,4.725,1.75,84.647324,65.131785,84.639043,71.60678
213,86.641281,69.859337,712,0,1,3.5,4.725,1.75,86.647324,65.134341,86.639043,71.609335
214,88.641281,69.861893,712,0,1,3.5,4.725,1.75,88.647324,65.136897,88.639043,71.611891
215,90.531113,69.882057,712,0,1,3.5,4.725,1.75,90.833318,65.166732,90.419185,71.628474
216,92.183372,70.143288,712,0,1,3.5,4.725,1.75,93.350569,65.56472,91.751078,71.839053
217,93.759048,70.704941,712,0,1,3.5,4.725,1.75,95.75114,66.420411,93.021237,72.291804
218,95.20401,71.547729,712,0,1,3.5,4.725,1.75,97.952566,67.704415,94.186026,72.971179
219,96.466461,72.640869,712,0,1,3.5,4.725,1.75,99.882346,69.376309,95.201319,73.849965
220,97.489548,73.94426,712,0,1,3.5,4.725,1.75,101.472053,71.401569,96.014546,74.885997
221,98.241379,75.420837,712,0,1,3.5,4.725,1.75,102.640279,73.695931,96.612156,76.059692
222,98.693604,77.014893,712,0,1,3.5,4.725,1.75,103.342965,76.172836,96.971618,77.326765
223,98.829376,78.681244,712,0,1,3.5,4.725,1.75,103.554266,78.713467,97.079417,78.669309
224,98.815735,80.68119,712,0,1,3.5,4.725,1.75,103.540625,80.713414,97.065776,80.669256
225,98.802086,82.681984,712,0,1,3.5,4.725,1.75,103.526976,82.714207,97.052127,82.670049
226,98.788452,84.681931,1,0,2,3.5,5.25,1.75,104.03833,84.717734,97.038493,84.669996
227,98.774811,86.681885,1,0,2,3.5,5.25,1.75,104.024689,86.717688,97.024851,86.66995
228,98.761169,88.681839,1,0,2,3.5,5.25,1.75,104.011047,88.717642,97.01121,88.669904
229,98.747536,90.681793,1,0,2,3.5,5.25,1.75,103.997414,90.717597,96.997576,90.669859
230,98.731262,92.619423,1,0,2,3.5,5.25,1.75,103.980346,92.717514,96.981568,92.586726
231,98.661293,94.402214,1,0,2,3.5,5.25,1.75,103.901917,94.715839,96.914418,94.297672
232,98.518143,96.180611,1,0,2,3.5,5.25,1.75,103.741461,96.709241,96.777037,96.004401
233,98.302063,97.951645,1,0,2,3.5,5.25,1.75,103.499258,98.694387,96.569665,97.704064
234,98.01342,99.712296,1,0,2,3.5,5.25,1.75,103.175719,100.667897,96.292654,99.393762
235,97.652702,101.45961,1,0,2,3.5,5.25,1.75,102.77139,102.626457,95.946473,101.070661
236,97.220505,103.190636,1,0,2,3.5,5.25,1.75,102.286942,104.566759,95.531692,102.731928
237,96.717575,104.902443,1,0,2,3.5,5.25,1.75,101.723209,106.485519,95.04903,104.374751
238,96.144753,106.59214,1,0,2,3.5,5.25,1.75,101.081133,108.379497,94.499292,105.996354
239,95.503006,108.256889,1,0,2,3.5,5.25,1.75,100.361801,110.245511,93.883408,107.594016
240,94.793411,109.893867,1,0,2,3.5,5.25,1.75,99.566418,112.080395,93.202409,109.165025
241,94.017174,111.50032,1,0,2,3.5,5.25,1.75,98.696336,113.881064,92.457453,110.706739
242,93.175613,113.073532,1,0,2,3.5,5.25,1.75,97.753032,115.644473,91.649807,112.216552
243,92.270134,114.61084,1,0,2,3.5,5.25,1.75,96.738082,117.367638,90.780818,113.691907
244,91.302261,116.109657,1,0,2,3.5,5.25,1.75,95.653198,119.047659,89.851949,115.130323
245,90.273651,117.567459,1,0,2,3.5,5.25,1.75,94.500229,120.681706,88.864792,116.529377
246,89.186028,118.981773,1,0,2,3.5,5.25,1.75,93.281115,122.267007,87.820998,117.886695
247,88.070145,120.306931,1,0,2,3.5,5.25,1.75,91.99266,123.796397,86.76264,119.143775
248,86.898521,121.55304,1,0,2,3.5,5.25,1.75,90.622837,125.253306,85.657083,120.319617
249,85.660027,122.732704,1,0,2,3.5,5.25,1.75,89.174831,126.632531,84.488425,121.432762
250,84.358429,123.842354,1,0,2,3.5,5.25,1.75,87.653047,127.929894,83.260223,122.47984
251,82.997673,124.878609,1,0,2,3.5,5.25,1.75,86.062097,129.141449,81.976198,123.457662
252,81.581894,125.838326,1,0,2,3.5,5.25,1.75,84.406815,130.263517,80.640254,124.363262
253,80.115395,126.718575,1,0,2,3.5,5.25,1.75,82.692232,131.292676,79.256449,125.193874
254,78.602623,127.516708,1,0,2,3.5,5.25,1.75,80.92355,132.225827,77.82898,125.947002
255,77.04818,128.23027,1,0,2,3.5,5.25,1.75,79.106148,133.060101,76.36219,126.620327
256,75.456787,128.857132,1,0,2,3.5,5.25,1.75,77.245545,133.793005,74.860535,127.211841
257,73.833267,129.39537,1,0,2,3.5,5.25,1.75,75.347381,134.422294,73.328563,127.719729
258,72.182571,129.843323,1,0,2,3.5,5.25,1.75,73.417442,134.946027,71.770948,128.142421
259,70.509705,130.199677,1,0,2,3.5,5.25,1.75,71.461582,135.362663,70.192412,128.478681
260,68.81974,130.463318,1,0,2,3.5,5.25,1.75,69.485732,135.670904,68.597743,128.727456
261,67.117821,130.633453,1,0,2,3.5,5.25,1.75,67.495905,135.869822,66.991793,128.887997
262,65.409111,130.709564,1,0,2,3.5,5.25,1.75,65.498138,135.958809,65.379435,128.959816
263,63.527546,130.706924,1,0,2,3.5,5.25,1.75,63.498183,135.956842,63.537333,128.956952
264,61.527576,130.69574,1,0,2,3.5,5.25,1.75,61.498214,135.945658,61.537364,128.945767
265,59.527607,130.684555,1,0,2,3.5,5.25,1.75,59.498244,135.934473,59.537395,128.934582
266,57.527637,130.67337,1,0,2,3.5,5.25,1.75,57.498275,135.923288,57.537425,128.923398
267,55.527676,130.662186,1,0,2,3.5,5.25,1.75,55.498313,135.912104,55.537463,128.912213
268,53.527706,130.651001,1,0,2,3.5,5.25,1.75,53.498344,135.900919,53.537494,128.901028
269,51.527737,130.639816,1,0,2,3.5,5.25,1.75,51.498374,135.889734,51.537524,128.889844
270,49.527767,130.628632,1,0,2,3.5,5.25,1.75,49.498405,135.87855,49.537555,128.878659
271,47.527798,130.617447,1,0,2,3.5,5.25,1.75,47.498435,135.867365,47.537585,128.867474
272,45.527828,130.606262,1,0,2,3.5,5.25,1.75,45.498466,135.85618,45.537616,128.85629
273,43.527859,130.595078,1,0,2,3.5,5.25,1.75,43.498496,135.844996,43.537646,128.845105
274,41.527889,130.583893,1,0,2,3.5,5.25,1.75,41.498527,135.833811,41.537677,128.83392
275,39.52792,130.572708,1,0,2,3.5,5.25,1.75,39.498557,135.822626,39.537707,128.822735
276,37.527954,130.561508,1,0,2,3.5,5.25,1.75,37.498591,135.811426,37.537742,128.811536
277,35.527985,130.550323,1,0,2,3.5,5.25,1.75,35.498622,135.800242,35.537772,128.800351
278,33.528015,130.539139,1,0,2,3.5,5.25,1.75,33.498653,135.789057,33.537803,128.789166
279,31.528048,130.527954,1,0,2,3.5,5.25,1.75,31.498685,135.777872,31.537835,128.777981
280,29.528078,130.516769,1,0,2,3.5,5.25,1.75,29.498715,135.766687,29.537866,128.766797
281,27.528111,130.505585,1,0,2,3.5,5.25,1.75,27.498748,135.755503,27.537898,128.755612
282,25.528141,130.4944,1,0,2,3.5,5.25,1.75,25.498778,135.744318,25.537929,128.744427
283,23.528172,130.483215,1,0,2,3.5,5.25,1.75,23.498809,135.733133,23.537959,128.733243
284,21.528204,130.472031,1,0,2,3.5,5.25,1.75,21.498841,135.721949,21.537992,128.722058
285,19.528234,130.460846,1,0,2,3.5,5.25,1.75,19.498872,135.710764,19.538022,128.710873
286,17.532743,130.449509,8,0,2,3.5,5.25,1.75,17.498897,135.699399,17.544025,128.699545
287,15.553816,130.432785,8,0,2,3.5,5.25,1.75,15.498969,135.682498,15.572098,128.682881
288,13.57497,130.408142,8,0,2,3.5,5.25,1.75,13.499127,135.657594,13.600251,128.658325
289,11.59624,130.375595,8,0,2,3.5,5.25,1.75,11.499399,135.624702,11.62852,128.625893
290,9.607693,130.335831,8,0,2,3.5,5.25,1.75,9.499799,135.584722,9.643657,128.5862
291,7.596828,130.295654,8,0,2,3.5,5.25,1.75,7.500198,135.544765,7.629037,128.545951
292,5.5761,130.262512,8,0,2,3.5,5.25,1.75,5.500469,135.511967,5.601311,128.512694
293,3.555258,130.237442,8,0,2,3.5,5.25,1.75,3.500624,135.487158,3.573469,128.487537
294,1.53433,130.220444,8,0,2,3.5,5.25,1.75,1.500697,135.470336,1.545541,128.47048
295,-0.467002,130.20813,4,0,-2,3.5,5.25,1.75,-0.499268,135.458031,-0.456247,128.458163
296,-2.466964,130.195831,4,0,-2,3.5,5.25,1.75,-2.49923,135.445732,-2.456209,128.445864
297,-4.466927,130.183533,4,0,-2,3.5,5.25,1.75,-4.499192,135.433434,-4.456171,128.433566
298,-6.466888,130.171265,4,0,-2,3.5,5.25,1.75,-6.499154,135.421165,-6.456133,128.421298
299,-8.466851,130.158966,4,0,-2,3.5,5.25,1.75,-8.499117,135.408867,-8.456096,128.408999
300,-10.466813,130.146667,4,0,-2,3.5,5.25,1.75,-10.499079,135.396568,-10.456058,128.396701
301,-12.466775,130.134369,4,0,-2,3.5,5.25,1.75,-12.499041,135.38427,-12.45602,128.384402
302,-14.466738,130.122101,4,0,-2,3.5,5.25,1.75,-14.499003,135.372002,-14.455983,128.372134
303,-16.4667,130.109802,4,0,-2,3.5,5.25,1.75,-16.498965,135.359703,-16.455944,128.359835
304,-18.466661,130.097504,4,0,-2,3.5,5.25,1.75,-18.498927,135.347404,-18.455906,128.347537
305,-20.466623,130.085205,4,0,-2,3.5,5.25,1.75,-20.498889,135.335106,-20.455868,128.335238
306,-22.466587,130.072937,4,0,-2,3.5,5.25,1.75,-22.498853,135.322838,-22.455832,128.32297
307,-24.466549,130.060638,4,0,-2,3.5,5.25,1.75,-24.498815,135.310539,-24.455794,128.310671
308,-26.466511,130.04834,4,0,-2,3.5,5.25,1.75,-26.498776,135.298241,-26.455756,128.298373
309,-28.466473,130.036041,4,0,-2,3.5,5.25,1.75,-28.498738,135.285942,-28.455717,128.286074
310,-30.466436,130.023773,515,0,-2,3.5,5.25,1.75,-30.4987,135.273674,-30.455682,128.273806
311,-32.466396,130.011475,515,0,-2,3.5,5.25,1.75,-32.49866,135.261375,-32.455642,128.261508
312,-34.466358,129.999176,515,0,-2,3.5,5.25,1.75,-34.498622,135.249077,-34.455604,128.249209
313,-36.46632,129.986877,515,0,-2,3.5,5.25,1.75,-36.498583,135.236778,-36.455566,128.236911
314,-38.466282,129.974609,515,0,-2,3.5,5.25,1.75,-38.498545,135.22451,-38.455527,128.224642
315,-40.466244,129.962311,515,0,-2,3.5,5.25,1.75,-40.498507,135.212212,-40.455489,128.212344
316,-42.466209,129.950012,515,0,-2,3.5,5.25,1.75,-42.498473,135.199913,-42.455455,128.200045
317,-44.466171,129.937714,515,0,-2,3.5,5.25,1.75,-44.498435,135.187614,-44.455417,128.187747
318,-46.466133,129.925446,515,0,-2,3.5,5.25,1.75,-46.498397,135.175346,-46.455379,128.175479
319,-48.466095,129.913147,515,0,-2,3.5,5.25,1.75,-48.498358,135.163048,-48.45534,128.16318
320,-50.466057,129.900848,515,0,-2,3.5,5.25,1.75,-50.49832,135.150749,-50.455302,128.150881
321,-52.466019,129.88855,515,0,-2,3.5,5.25,1.75,-52.498282,135.138451,-52.455264,128.138583
322,-54.465981,129.876282,515,0,-2,3.5,5.25,1.75,-54.498244,135.126183,-54.455226,128.126315
323,-56.465942,129.863983,515,0,-2,3.5,5.25,1.75,-56.498206,135.113884,-56.455188,128.114016
324,-58.465908,129.851685,515,0,-2,3.5,5.25,1.75,-58.498171,135.101585,-58.455154,128.101718
325,-60.46587,129.839386,515,0,-2,3.5,5.25,1.75,-60.498133,135.089287,-60.455115,128.089419
326,-62.465832,129.827118,515,0,-2,3.5,5.25,1.75,-62.498095,135.077019,-62.455077,128.077151
327,-64.221947,129.776917,515,0,-2,3.5,5.25,1.75,-64.497085,135.019702,-64.130234,128.029321
328,-65.966927,129.643646,515,0,-2,3.5,5.25,1.75,-66.49109,134.867414,-65.792206,127.90239
329,-67.703598,129.427551,515,0,-2,3.5,5.25,1.75,-68.475603,134.62048,-67.446263,127.696575
330,-69.428024,129.129105,515,0,-2,3.5,5.25,1.75,-70.446121,134.279443,-69.088659,127.412325
331,-71.136299,128.749008,5,0,-2,3.5,5.25,1.75,-72.398184,133.845099,-70.715671,127.050311
332,-72.82457,128.288055,5,0,-2,3.5,5.25,1.75,-74.327388,133.318367,-72.32363,126.611285
333,-74.489006,127.747368,5,0,-2,3.5,5.25,1.75,-76.229357,132.700516,-73.908889,126.096318
334,-76.125847,127.128113,5,0,-2,3.5,5.25,1.75,-78.099791,131.992888,-75.467865,125.506521
335,-77.731384,126.431732,5,0,-2,3.5,5.25,1.75,-79.934453,131.197127,-76.997028,124.843267
336,-79.301987,125.659775,5,0,-2,3.5,5.25,1.75,-81.729198,130.315003,-78.492916,124.108032
337,-80.834099,124.81398,5,0,-2,3.5,5.25,1.75,-83.479957,129.348507,-79.952146,123.302471
338,-82.324249,123.896301,5,0,-2,3.5,5.25,1.75,-85.182768,128.299864,-81.37141,122.428447
339,-83.769081,122.908791,5,0,-2,3.5,5.25,1.75,-86.833791,127.171426,-82.747511,121.487912
340,-85.165306,121.853668,5,0,-2,3.5,5.25,1.75,-88.42927,125.965728,-84.077318,120.482981
341,-86.509773,120.733353,5,0,-2,3.5,5.25,1.75,-89.965607,124.685531,-85.357829,119.41596
342,-87.799431,119.550354,5,0,-2,3.5,5.25,1.75,-91.439312,123.333707,-86.586137,118.289236
343,-89.031387,118.307365,5,0,-2,3.5,5.25,1.75,-92.84708,121.913331,-87.75949,117.105377
344,-90.20282,117.007195,5,0,-2,3.5,5.25,1.75,-94.185687,120.427614,-88.875197,115.867055
345,-91.311089,115.652786,5,0,-2,3.5,5.25,1.75,-95.452119,118.879916,-89.930745,114.577076
346,-92.353706,114.247192,5,0,-2,3.5,5.25,1.75,-96.643528,117.27373,-90.923766,113.238346
347,-93.361595,112.751602,5,0,-2,3.5,5.25,1.75,-97.761606,115.615585,-91.894925,111.796941
348,-94.350739,111.184479,5,0,-2,3.5,5.25,1.75,-98.829078,113.924365,-92.857959,110.271183
349,-95.295692,109.590309,5,0,-2,3.5,5.25,1.75,-99.848862,112.203955,-93.777969,108.719094
350,-96.195724,107.970367,5,0,-2,3.5,5.25,1.75,-100.820167,110.455731,-94.654244,107.141913
351,-97.050125,106.325897,5,0,-2,3.5,5.25,1.75,-101.742228,108.681035,-95.486091,105.540851
352,-97.858223,104.658188,5,0,-2,3.5,5.25,1.75,-102.614318,106.881261,-96.272858,103.917163
353,-98.6194,102.968536,5,0,-2,3.5,5.25,1.75,-103.435772,105.057809,-97.013943,102.272112
354,-99.333054,101.258278,5,0,-2,3.5,5.25,1.75,-104.205939,103.212116,-97.708758,100.606998
355,-99.998627,99.52874,5,0,-2,3.5,5.25,1.75,-104.924219,101.345618,-98.356763,98.923114
356,-100.615593,97.781273,5,0,-2,3.5,5.25,1.75,-105.590042,99.459771,-98.957443,97.221774
357,-101.183479,96.01725,5,0,-2,3.5,5.25,1.75,-106.2029,97.556054,-99.510339,95.504315
358,-101.701843,94.238037,5,0,-2,3.5,5.25,1.75,-106.762312,95.635947,-100.01502,93.772067
359,-102.170273,92.445038,5,0,-2,3.5,5.25,1.75,-107.267837,93.700959,-100.471085,92.026397
360,-102.588409,90.639641,5,0,-2,3.5,5.25,1.75,-107.719085,91.752595,-100.878184,90.268656
361,-102.955917,88.823265,5,0,-2,3.5,5.25,1.75,-108.115696,89.792382,-101.235991,88.500226
362,-103.272507,86.99733,5,0,-2,3.5,5.25,1.75,-108.457356,87.821852,-101.544224,86.722489
363,-103.537949,85.163254,5,0,-2,3.5,5.25,1.75,-108.743818,85.842538,-101.802659,84.936826
364,-103.752022,83.322472,5,0,-2,3.5,5.25,1.75,-108.974843,83.855984,-102.011081,83.144634
365,-103.914558,81.476433,5,0,-2,3.5,5.25,1.75,-109.150251,81.863759,-102.169327,81.347324
366,-104.025436,79.626572,5,0,-2,3.5,5.25,1.75,-109.26991,79.867409,-102.277279,79.546293
367,-104.084572,77.77433,5,0,-2,3.5,5.25,1.75,-109.333727,77.86849,-102.334853,77.742943
368,-104.091911,75.921165,5,0,-2,3.5,5.25,1.75,-109.341648,75.868575,-102.341999,75.938696
369,-104.069595,73.927551,5,0,-2,3.5,5.25,1.75,-109.319266,73.868705,-102.319705,73.947167
370,-104.04718,71.927673,5,0,-2,3.5,5.25,1.75,-109.29685,71.868827,-102.29729,71.947289
371,-104.024757,69.927803,5,0,-2,3.5,5.25,1.75,-109.274428,69.868957,-102.274867,69.947419
372,-104.002342,67.927925,5,0,-2,3.5,5.25,1.75,-109.252012,67.869079,-102.252452,67.947541
373,-103.979927,65.928055,5,0,-2,3.5,5.25,1.75,-109.229597,65.869208,-102.230037,65.94767
374,-103.957504,63.928177,5,0,-2,3.5,5.25,1.75,-109.207174,63.86933,-102.207614,63.947792
375,-103.935089,61.928307,5,0,-2,3.5,5.25,1.75,-109.184759,61.86946,-102.185199,61.947922
376,-103.912666,59.928429,5,0,-2,3.5,5.25,1.75,-109.162336,59.869582,-102.162776,59.948044
377,-103.890251,57.928558,5,0,-2,3.5,5.25,1.75,-109.139921,57.869712,-102.140361,57.948174
378,-103.867836,55.92868,5,0,-2,3.5,5.25,1.75,-109.117506,55.869834,-102.117946,55.948296
379,-103.845413,53.928806,5,0,-2,3.5,5.25,1.75,-109.095083,53.86996,-102.095523,53.948422
380,-103.822998,51.928932,5,0,-2,3.5,5.25,1.75,-109.072668,51.870086,-102.073108,51.948548
381,-103.800583,49.929058,5,0,-2,3.5,5.25,1.75,-109.050253,49.870212,-102.050693,49.948674
382,-103.77816,47.929184,5,0,-2,3.5,5.25,1.75,-109.02783,47.870337,-102.02827,47.948799
383,-103.755745,45.92931,5,0,-2,3.5,5.25,1.75,-109.005415,45.870463,-102.005855,45.948925
384,-103.73333,43.929436,763,0,-1,3.5,5.25,1.75,-108.983,43.870589,-101.98344,43.949051
385,-103.710907,41.929302,763,0,-1,3.5,5.25,1.75,-108.960577,41.870456,-101.961017,41.948918
386,-103.613022,40.116047,763,0,-1,3.5,5.25,1.75,-108.827855,39.509406,-101.874744,40.318261
387,-103.297043,38.365055,763,0,-1,3.5,5.25,1.75,-108.394977,37.110635,-101.597731,38.783195
388,-102.764427,36.667366,763,0,-1,3.5,5.25,1.75,-107.665323,34.784888,-101.130795,37.294859
389,-102.023567,35.049667,763,0,-1,3.5,5.25,1.75,-106.650382,32.568723,-100.481296,35.876649
390,-101.086105,33.537392,763,0,-1,3.5,5.25,1.75,-105.366106,30.496981,-99.659438,34.550862
391,-99.966774,32.154312,763,0,-1,3.5,5.25,1.75,-103.832679,28.602231,-98.678139,33.338339
392,-98.689804,30.936792,763,0,-1,3.5,5.25,1.75,-102.046976,26.90047,-97.570747,32.282233
393,-97.262489,29.904898,763,0,-1,3.5,5.25,1.75,-100.042965,25.451645,-96.335664,31.389315
394,-95.708733,29.075506,763,0,-1,3.5,5.25,1.75,-97.861426,24.287144,-94.991168,30.671627
395,-94.057098,28.463856,763,0,-1,3.5,5.25,1.75,-95.542458,23.428361,-93.561978,30.142354
396,-92.337906,28.081186,763,0,-1,3.5,5.25,1.75,-93.128642,22.891077,-92.074327,29.811223
397,-90.582771,27.934526,763,0,-1,3.5,5.25,1.75,-90.664354,22.68516,-90.555577,29.684315
398,-88.614685,27.937819,18,0,-2,3.5,5.25,1.75,-88.600098,22.687839,-88.619547,29.687812
399,-86.614693,27.943375,18,0,-2,3.5,5.25,1.75,-86.600105,22.693395,-86.619555,29.693368
400,-84.614708,27.948933,18,0,-2,3.5,5.25,1.75,-84.600121,22.698953,-84.61957,29.698926
401,-82.614716,27.954489,18,0,-2,3.5,5.25,1.75,-82.600128,22.704509,-82.619578,29.704482
402,-80.614723,27.960047,18,0,-2,3.5,5.25,1.75,-80.600136,22.710067,-80.619586,29.71004
403,-78.614723,27.965603,18,0,-2,3.5,5.25,1.75,-78.600136,22.715623,-78.619586,29.715596
404,-76.614738,27.971159,19,0,-2,3.5,5.25,1.75,-76.600151,22.721179,-76.619601,29.721152
405,-74.614746,27.976717,19,0,-2,3.5,5.25,1.75,-74.600159,22.726737,-74.619609,29.72671
406,-72.614754,27.982273,19,0,-2,3.5,5.25,1.75,-72.600167,22.732293,-72.619616,29.732266
407,-70.614761,27.987831,19,0,-2,3.5,5.25,1.75,-70.600174,22.737851,-70.619624,29.737824
408,-68.614769,27.993387,19,0,-2,3.5,5.25,1.75,-68.600182,22.743408,-68.619631,29.74338
409,-66.614777,27.998945,255,0,-2,3.5,5.25,1.75,-66.600189,22.748966,-66.619639,29.748938
410,-64.614784,28.004503,255,0,-2,3.5,5.25,1.75,-64.600197,22.754524,-64.619647,29.754496
411,-62.614788,28.010059,255,0,-2,3.5,5.25,1.75,-62.600201,22.76008,-62.61965,29.760053
412,-60.614796,28.015617,255,0,-2,3.5,5.25,1.75,-60.600208,22.765638,-60.619658,29.765611
413,-58.614803,28.021173,255,0,-2,3.5,5.25,1.75,-58.600216,22.771194,-58.619666,29.771167
414,-56.614811,28.026731,255,0,-2,3.5,5.25,1.75,-56.600224,22.776752,-56.619673,29.776725
415,-54.614819,28.032288,255,0,-2,3.5,5.25,1.75,-54.600231,22.782308,-54.619681,29.782281
416,-52.614826,28.037844,255,0,-2,3.5,5.25,1.75,-52.600239,22.787864,-52.619689,29.787837
417,-50.614834,28.043402,255,0,-2,3.5,5.25,1.75,-50.600247,22.793422,-50.619696,29.793395
418,-48.614841,28.048958,255,0,-2,3.5,5.25,1.75,-48.600254,22.798978,-48.619704,29.798951
419,-46.614849,28.054516,255,0,-2,3.5,5.25,1.75,-46.600262,22.804536,-46.619711,29.804509
420,-44.614857,28.060072,255,0,-2,3.5,5.25,1.75,-44.60027,22.810092,-44.619719,29.810065
421,-42.614864,28.06563,255,0,-2,3.5,5.25,1.75,-42.600277,22.81565,-42.619727,29.815623
422,-40.614872,28.071186,255,0,-2,3.5,5.25,1.75,-40.600285,22.821206,-40.619734,29.821179
423,-38.61488,28.076744,255,0,-2,3.5,5.25,1.75,-38.600292,22.826764,-38.619742,29.826737
424,-36.614887,28.0823,255,0,-2,3.5,5.25,1.75,-36.6003,22.832321,-36.61975,29.832293
425,-34.614895,28.087858,255,0,-2,3.5,5.25,1.75,-34.600308,22.837879,-34.619757,29.837851
426,-32.614902,28.093414,255,0,-2,3.5,5.25,1.75,-32.600315,22.843435,-32.619765,29.843408
427,-30.614912,28.098972,255,0,-2,3.5,5.25,1.75,-30.600325,22.848993,-30.619774,29.848966
428,-28.61492,28.104528,20,0,-2,3.5,5.25,1.75,-28.600332,22.854549,-28.619782,29.854522
429,-26.614927,28.110085,20,0,-2,3.5,5.25,1.75,-26.60034,22.860105,-26.61979,29.860078
430,-24.614935,28.115643,20,0,-2,3.5,5.25,1.75,-24.600348,22.865663,-24.619797,29.865636
431,-22.614943,28.121199,20,0,-2,3.5,5.25,1.75,-22.600355,22.871219,-22.619805,29.871192
432,-20.61495,28.126757,20,0,-2,3.5,5.25,1.75,-20.600363,22.876777,-20.619813,29.87675
433,-18.614958,28.132313,20,0,-2,3.5,5.25,1.75,-18.600371,22.882333,-18.61982,29.882306
434,-16.614965,28.137871,20,0,-2,3.5,5.25,1.75,-16.600378,22.887891,-16.619828,29.887864
435,-14.614973,28.143427,20,0,-2,3.5,5.25,1.75,-14.600386,22.893447,-14.619835,29.89342
436,-12.614981,28.148985,20,0,-2,3.5,5.25,1.75,-12.600393,22.899005,-12.619843,29.898978
437,-10.614988,28.154541,20,0,-2,3.5,5.25,1.75,-10.600401,22.904561,-10.619851,29.904534
438,-8.614996,28.160099,20,0,-2,3.5,5.25,1.75,-8.600409,22.910119,-8.619858,29.910092
439,-6.615004,28.165655,20,0,-2,3.5,5.25,1.75,-6.600416,22.915675,-6.619866,29.915648
440,-4.615011,28.171213,20,0,-2,3.5,5.25,1.75,-4.600424,22.921233,-4.619874,29.921206
441,-2.615019,28.176769,20,0,-2,3.5,5.25,1.75,-2.600431,22.92679,-2.619881,29.926762
442,-0.615026,28.182327,20,0,-2,3.5,5.25,1.75,-0.600439,22.932348,-0.619889,29.93232
443,1.384966,28.187883,20,0,-2,3.5,5.25,1.75,1.399553,22.937904,1.380104,29.937877
444,3.384957,28.193441,20,0,-2,3.5,5.25,1.75,3.399544,22.943462,3.380094,29.943435
445,5.384949,28.198997,20,0,-2,3.5,5.25,1.75,5.399536,22.949018,5.380086,29.948991
446,7.384941,28.204556,20,0,-2,3.5,5.25,1.75,7.399528,22.954576,7.380079,29.954549
447,9.384933,28.210112,20,0,-2,3.5,5.25,1.75,9.399521,22.960132,9.380071,29.960105
448,11.384926,28.21567,20,0,-2,3.5,5.25,1.75,11.399513,22.96569,11.380063,29.965663
449,13.384918,28.221226,20,0,-2,3.5,5.25,1.75,13.399505,22.971246,13.380056,29.971219
450,15.384911,28.226784,20,0,-2,3.5,5.25,1.75,15.399498,22.976804,15.380048,29.976777
451,17.384903,28.23234,20,0,-2,3.5,5.25,1.75,17.39949,22.98236,17.380041,29.982333
452,19.384895,28.237898,20,0,-2,3.5,5.25,1.75,19.399483,22.987918,19.380033,29.987891
453,21.384888,28.243454,20,0,-2,3.5,5.25,1.75,21.399475,22.993474,21.380025,29.993447
454,23.38488,28.249012,20,0,-2,3.5,5.25,1.75,23.399467,22.999032,23.380018,29.999005
455,25.384872,28.254568,20,0,-2,3.5,5.25,1.75,25.39946,23.004588,25.38001,30.004561
456,27.384865,28.260124,848,0,-1,3.5,4.725,1.75,27.397995,23.535143,27.380002,30.010117
457,29.248047,28.302898,848,0,-1,3.5,4.725,1.75,29.627255,23.59314,29.107599,30.047253
458,30.981258,28.565723,848,0,-1,3.5,4.725,1.75,32.015382,23.955277,30.59825,30.273296
459,32.660683,29.068352,848,0,-1,3.5,4.725,1.75,34.329397,24.647829,32.04264,30.705582
460,34.253315,29.8009,848,0,-1,3.5,4.725,1.75,36.523824,25.65718,33.412386,31.335611
461,35.727852,30.748972,848,0,-1,3.5,4.725,1.75,38.555532,26.963493,34.680563,32.151001
462,37.051018,31.890671,848,0,-1,3.5,4.725,1.75,40.390536,28.548031,35.814159,33.128686
463,38.177551,33.203491,848,0,-1,3.5,4.725,1.75,41.988531,30.410275,36.766077,34.238016
464,39.090298,34.672997,848,0,-1,3.5,4.725,1.75,43.283267,32.494778,37.537346,35.479744
465,39.76783,36.264698,848,0,-1,3.5,4.725,1.75,44.244348,34.752611,38.10986,36.82473
466,40.194244,37.941219,848,0,-1,3.5,4.725,1.75,44.84922,37.130769,38.470179,38.241386
467,40.359524,39.663212,848,0,-1,3.5,4.725,1.75,45.08367,39.573422,38.60984,39.696467
468,40.385807,41.65303,848,0,-1,3.5,4.725,1.75,45.110401,41.591091,38.635957,41.675971
469,40.412022,43.652859,9,0,1,3.5,4.725,1.75,45.136616,43.59092,38.662172,43.675799
470,40.43824,45.652687,9,0,1,3.5,4.725,1.75,45.162834,45.590749,38.68839,45.675627
471,40.464458,47.652515,9,0,1,3.5,4.725,1.75,45.189052,47.590577,38.714609,47.675456
472,40.490677,49.652344,9,0,1,3.5,4.725,1.75,45.215271,49.590405,38.740827,49.675284
473,40.516891,51.652172,9,0,1,3.5,4.725,1.75,45.241485,51.590234,38.767042,51.675112
474,40.54311,53.652,152,0,1,3.5,4.725,1.75,45.267704,53.590062,38.79326,53.674941
475,40.569328,55.651829,152,0,1,3.5,4.725,1.75,45.293922,55.58989,38.819479,55.674769
476,40.614269,57.738892,152,0,1,3.5,4.725,1.75,45.329817,57.44017,38.86777,57.849529
477,40.944309,59.998558,152,0,1,3.5,4.725,1.75,45.548305,58.936084,39.239126,60.392067
478,41.637844,62.174343,152,0,1,3.5,4.725,1.75,46.007429,60.376469,40.019479,62.840222
479,42.676369,64.208183,152,0,1,3.5,4.725,1.75,46.694941,61.722886,41.188009,65.128664
480,44.039352,66.052979,152,0,1,3.5,4.725,1.75,47.581645,62.926033,42.727392,67.211107
481,45.787189,67.651878,152,0,1,3.5,4.725,1.75,48.58713,63.845836,44.750175,69.061524
482,47.833923,68.844482,152,0,1,3.5,4.725,1.75,49.764559,64.531911,47.118873,70.441731
483,50.086761,69.576698,152,0,1,3.5,4.725,1.75,51.060556,64.953134,49.726097,71.28913
484,52.43124,69.815598,152,0,1,3.5,4.725,1.75,52.437283,65.090601,52.429002,71.565596
485,54.43124,69.818161,152,0,1,3.5,4.725,1.75,54.437283,65.093165,54.429002,71.56816
486,56.431236,69.820717,152,0,1,3.5,4.725,1.75,56.437279,65.095721,56.428998,71.570715
487,58.431652,69.823273,11,0,1,3.5,4.725,1.75,58.437695,65.098277,58.429414,71.573271
488,60.431652,69.825829,11,0,1,3.5,4.725,1.75,60.437695,65.100832,60.429414,71.575827
489,62.431648,69.828384,11,0,1,3.5,4.725,1.75,62.437691,65.103388,62.42941,71.578383
490,64.431648,69.83094,11,0,1,3.5,4.725,1.75,64.437691,65.105944,64.42941,71.580939
491,66.431648,69.833496,11,0,1,3.5,4.725,1.75,66.437691,65.1085,66.42941,71.583495
492,68.431648,69.836052,11,0,1,3.5,4.725,1.75,68.437691,65.111056,68.42941,71.58605
493,70.431648,69.838615,11,0,1,3.5,4.725,1.75,70.437691,65.113619,70.42941,71.588614
494,72.431641,69.841171,11,0,1,3.5,4.725,1.75,72.437683,65.116175,72.429403,71.59117
495,74.431641,69.843727,11,0,1,3.5,4.725,1.75,74.437683,65.118731,74.429403,71.593726
496,76.431641,69.846283,11,0,1,3.5,4.725,1.75,76.437683,65.121287,76.429403,71.596281
497,78.431641,69.848839,11,0,1,3.5,4.725,1.75,78.437683,65.123843,78.429403,71.598837
498,80.431633,69.851402,11,0,1,3.5,4.725,1.75,80.437676,65.126406,80.429395,71.601401
499,82.431633,69.853958,11,0,1,3.5,4.725,1.75,82.437676,65.128962,82.429395,71.603957
500,84.431633,69.856514,11,0,1,3.5,4.725,1.75,84.437676,65.131518,84.429395,71.606513
501,86.431633,69.85907,712,0,1,3.5,4.725,1.75,86.437676,65.134074,86.429395,71.609068
502,88.431633,69.861626,712,0,1,3.5,4.725,1.75,88.437676,65.13663,88.429395,71.611624
503,90.355774,69.872536,712,0,1,3.5,4.725,1.75,90.566186,65.152223,90.277843,71.6208
504,92.012802,70.10157,712,0,1,3.5,4.725,1.75,93.090701,65.501162,91.61358,71.805425
505,93.599106,70.632462,712,0,1,3.5,4.725,1.75,95.507466,66.309987,92.892306,72.233378
506,95.060196,71.446983,712,0,1,3.5,4.725,1.75,97.733461,67.550924,94.070098,72.889968
507,96.344994,72.516342,712,0,1,3.5,4.725,1.75,99.693606,69.182812,95.104767,73.750983
508,97.39444,73.798607,712,0,1,3.5,4.725,1.75,101.324273,71.175243,95.938946,74.770223
509,98.176224,75.259544,712,0,1,3.5,4.725,1.75,102.539039,73.445305,96.560366,75.931485
510,98.660858,76.84404,712,0,1,3.5,4.725,1.75,103.292084,75.90736,96.945589,77.190958
511,98.83007,78.492348,712,0,1,3.5,4.725,1.75,103.555011,78.46856,97.080093,78.501158
512,98.817162,80.47155,712,0,1,3.5,4.725,1.75,103.542052,80.503773,97.067202,80.459615
513,98.803528,82.471504,712,0,1,3.5,4.725,1.75,103.528418,82.503727,97.053569,82.45957
514,98.789879,84.47229,1,0,2,3.5,5.25,1.75,104.039757,84.508094,97.03992,84.460356
515,98.776237,86.472244,1,0,2,3.5,5.25,1.75,104.026115,86.508048,97.026278,86.46031
516,98.762604,88.472198,1,0,2,3.5,5.25,1.75,104.012482,88.508002,97.012644,88.460264
517,98.748962,90.472153,1,0,2,3.5,5.25,1.75,103.99884,90.507956,96.999003,90.460218
518,98.734352,92.432419,1,0,2,3.5,5.25,1.75,103.98381,92.5079,96.984533,92.407258
519,98.672058,94.215492,1,0,2,3.5,5.25,1.75,103.913984,94.506542,96.924749,94.118476
520,98.536575,95.994492,1,0,2,3.5,5.25,1.75,103.762122,96.50062,96.794727,95.825782
521,98.328125,97.766434,1,0,2,3.5,5.25,1.75,103.52847,98.486785,96.594677,97.526317
522,98.047073,99.528313,1,0,2,3.5,5.25,1.75,103.21344,100.461671,96.324951,99.217193
523,97.693878,101.277161,1,0,2,3.5,5.25,1.75,102.817544,102.42195,95.985989,100.895564
524,97.269142,103.010033,1,0,2,3.5,5.25,1.75,102.341459,104.364322,95.57837,102.558603
525,96.77359,104.723991,1,0,2,3.5,5.25,1.75,101.785996,106.285493,95.102788,104.203491
526,96.208054,106.416138,1,0,2,3.5,5.25,1.75,101.152087,108.182217,94.560043,105.827444
527,95.573471,108.083641,1,0,2,3.5,5.25,1.75,100.440786,110.051317,93.951033,107.427749
528,94.870941,109.723663,1,0,2,3.5,5.25,1.75,99.653321,111.889614,93.276814,109.00168
529,94.101624,111.333443,1,0,2,3.5,5.25,1.75,98.790996,113.694011,92.538499,110.546587
530,93.266853,112.910255,1,0,2,3.5,5.25,1.75,97.855303,115.461458,91.73737,112.059855
531,92.367996,114.451454,1,0,2,3.5,5.25,1.75,96.847777,117.188983,90.874736,113.538945
532,91.406601,115.95443,1,0,2,3.5,5.25,1.75,95.77015,118.873665,89.952084,114.981351
533,90.38427,117.416641,1,0,2,3.5,5.25,1.75,94.624223,120.512654,88.970952,116.384637
534,89.302742,118.835632,1,0,2,3.5,5.25,1.75,93.411941,122.103197,87.933009,117.746444
535,88.188942,120.172615,1,0,2,3.5,5.25,1.75,92.131554,123.639359,86.874738,119.017034
536,87.024536,121.425468,1,0,2,3.5,5.25,1.75,90.77017,125.104154,85.775992,120.19924
537,85.792885,122.612274,1,0,2,3.5,5.25,1.75,89.330164,126.491727,84.613792,121.319123
538,84.497711,123.729424,1,0,2,3.5,5.25,1.75,87.815891,127.797861,83.391651,122.373278
539,83.142967,124.773521,1,0,2,3.5,5.25,1.75,86.23197,129.018585,82.1133,123.3585
540,81.732758,125.741394,1,0,2,3.5,5.25,1.75,84.583199,130.15019,80.78261,124.271795
541,80.271362,126.630119,1,0,2,3.5,5.25,1.75,82.874585,131.189256,79.403621,125.110407
542,78.763229,127.436966,1,0,2,3.5,5.25,1.75,81.111326,132.132596,77.98053,125.871756
543,77.212936,128.159515,1,0,2,3.5,5.25,1.75,79.298775,132.977376,76.517657,126.553562
544,75.625191,128.795547,1,0,2,3.5,5.25,1.75,77.442437,133.721003,75.019442,127.153729
545,74.004814,129.34314,1,0,2,3.5,5.25,1.75,75.547948,134.361231,73.490436,127.670443
546,72.356728,129.800644,1,0,2,3.5,5.25,1.75,73.621061,134.896128,71.935283,128.102149
547,70.685951,130.166656,1,0,2,3.5,5.25,1.75,71.667644,135.324057,70.35872,128.447523
548,68.997543,130.440063,1,0,2,3.5,5.25,1.75,69.693613,135.643715,68.76552,128.705513
549,67.296631,130.620026,1,0,2,3.5,5.25,1.75,67.704964,135.854122,67.16052,128.875327
550,65.588387,130.706009,1,0,2,3.5,5.25,1.75,65.707743,135.954652,65.548601,128.956461
551,63.737194,130.708099,1,0,2,3.5,5.25,1.75,63.707831,135.958017,63.746982,128.958127
552,61.737225,130.696915,1,0,2,3.5,5.25,1.75,61.707862,135.946833,61.747012,128.946942
553,59.737255,130.68573,1,0,2,3.5,5.25,1.75,59.707892,135.935648,59.747043,128.935757
554,57.737286,130.674545,1,0,2,3.5,5.25,1.75,57.707923,135.924463,57.747073,128.924573
555,55.737316,130.663361,1,0,2,3.5,5.25,1.75,55.707954,135.913279,55.747104,128.913388
556,53.737347,130.652176,1,0,2,3.5,5.25,1.75,53.707984,135.902094,53.747134,128.902203
557,51.737377,130.640991,1,0,2,3.5,5.25,1.75,51.708015,135.890909,51.747165,128.891019
558,49.737411,130.629807,1,0,2,3.5,5.25,1.75,49.708049,135.879725,49.747199,128.879834
559,47.737442,130.618622,1,0,2,3.5,5.25,1.75,47.708079,135.86854,47.74723,128.868649
560,45.737473,130.607437,1,0,2,3.5,5.25,1.75,45.70811,135.857355,45.74726,128.857464
561,43.737507,130.596252,1,0,2,3.5,5.25,1.75,43.708144,135.84617,43.747294,128.84628
562,41.737537,130.585052,1,0,2,3.5,5.25,1.75,41.708175,135.834971,41.747325,128.83508
563,39.737568,130.573868,1,0,2,3.5,5.25,1.75,39.708205,135.823786,39.747355,128.823895
564,37.737598,130.562683,1,0,2,3.5,5.25,1.75,37.708236,135.812601,37.747386,128.81271
565,35.737629,130.551498,1,0,2,3.5,5.25,1.75,35.708266,135.801416,35.747416,128.801526
566,33.737659,130.540314,1,0,2,3.5,5.25,1.75,33.708297,135.790232,33.747447,128.790341
567,31.737692,130.529129,1,0,2,3.5,5.25,1.75,31.708329,135.779047,31.747479,128.779156
568,29.737724,130.517944,1,0,2,3.5,5.25,1.75,29.708362,135.767862,29.747512,128.767972
569,27.737755,130.50676,1,0,2,3.5,5.25,1.75,27.708392,135.756678,27.747542,128.756787
570,25.737785,130.495575,1,0,2,3.5,5.25,1.75,25.708423,135.745493,25.747573,128.745602
571,23.737818,130.48439,1,0,2,3.5,5.25,1.75,23.708455,135.734308,23.747605,128.734418
572,21.737848,130.473206,1,0,2,3.5,5.25,1.75,21.708486,135.723124,21.747636,128.723233
573,19.737881,130.462021,1,0,2,3.5,5.25,1.75,19.708518,135.711939,19.747668,128.712048
574,17.740187,130.450775,8,0,2,3.5,5.25,1.75,17.708541,135.70068,17.750735,128.700807
575,15.761253,130.434891,8,0,2,3.5,5.25,1.75,15.70861,135.684627,15.778801,128.684979
576,13.782396,130.411102,8,0,2,3.5,5.25,1.75,13.708753,135.660586,13.806944,128.661275
577,11.803652,130.379395,8,0,2,3.5,5.25,1.75,11.709012,135.628541,11.835198,128.629679
578,9.817297,130.340149,8,0,2,3.5,5.25,1.75,9.709403,135.58904,9.853262,128.590518
579,7.80864,130.299606,8,0,2,3.5,5.25,1.75,7.709811,135.548676,7.841584,128.549916
580,5.787928,130.265625,8,0,2,3.5,5.25,1.75,5.710094,135.515048,5.813872,128.515817
581,3.767095,130.239685,8,0,2,3.5,5.25,1.75,3.71026,135.489377,3.78604,128.489788
582,1.746175,130.221863,8,0,2,3.5,5.25,1.75,1.710339,135.47174,1.758121,128.471904
583,-0.257358,130.209412,4,0,-2,3.5,5.25,1.75,-0.289623,135.459312,-0.246602,128.459445
584,-2.25732,130.197113,4,0,-2,3.5,5.25,1.75,-2.289586,135.447014,-2.246565,128.447146
585,-4.257282,130.184845,4,0,-2,3.5,5.25,1.75,-4.289547,135.434746,-4.246527,128.434878
586,-6.257244,130.172546,4,0,-2,3.5,5.25,1.75,-6.28951,135.422447,-6.246489,128.422579
587,-8.257207,130.160248,4,0,-2,3.5,5.25,1.75,-8.289473,135.410149,-8.246452,128.410281
588,-10.257169,130.147949,4,0,-2,3.5,5.25,1.75,-10.289434,135.39785,-10.246414,128.397982
589,-12.257131,130.135681,4,0,-2,3.5,5.25,1.75,-12.289396,135.385582,-12.246375,128.385714
590,-14.257093,130.123383,4,0,-2,3.5,5.25,1.75,-14.289359,135.373283,-14.246338,128.373416
591,-16.257055,130.111084,4,0,-2,3.5,5.25,1.75,-16.289321,135.360985,-16.2463,128.361117
592,-18.257017,130.098785,4,0,-2,3.5,5.25,1.75,-18.289283,135.348686,-18.246262,128.348818
593,-20.256979,130.086517,4,0,-2,3.5,5.25,1.75,-20.289245,135.336418,-20.246224,128.33655
594,-22.256943,130.074219,4,0,-2,3.5,5.25,1.75,-22.289208,135.32412,-22.246188,128.324252
595,-24.256905,130.06192,4,0,-2,3.5,5.25,1.75,-24.28917,135.311821,-24.246149,128.311953
596,-26.256866,130.049622,4,0,-2,3.5,5.25,1.75,-26.289132,135.299522,-26.246111,128.299655
597,-28.256828,130.037354,4,0,-2,3.5,5.25,1.75,-28.289094,135.287254,-28.246073,128.287387
598,-30.256792,130.025055,515,0,-2,3.5,5.25,1.75,-30.289055,135.274956,-30.246038,128.275088
599,-32.256752,130.012756,515,0,-2,3.5,5.25,1.75,-32.289015,135.262657,-32.245998,128.262789
600,-34.256714,130.000458,515,0,-2,3.5,5.25,1.75,-34.288977,135.250359,-34.245959,128.250491
601,-36.256676,129.98819,515,0,-2,3.5,5.25,1.75,-36.288939,135.238091,-36.245921,128.238223
602,-38.256638,129.975891,515,0,-2,3.5,5.25,1.75,-38.288901,135.225792,-38.245883,128.225924
603,-40.256599,129.963593,515,0,-2,3.5,5.25,1.75,-40.288863,135.213493,-40.245845,128.213626
604,-42.256561,129.951294,515,0,-2,3.5,5.25,1.75,-42.288825,135.201195,-42.245807,128.201327
605,-44.256523,129.939026,515,0,-2,3.5,5.25,1.75,-44.288787,135.188927,-44.245769,128.189059
606,-46.256489,129.926727,515,0,-2,3.5,5.25,1.75,-46.288752,135.176628,-46.245734,128.17676
607,-48.256451,129.914429,515,0,-2,3.5,5.25,1.75,-48.288714,135.16433,-48.245696,128.164462
608,-50.256413,129.90213,515,0,-2,3.5,5.25,1.75,-50.288676,135.152031,-50.245658,128.152163
609,-52.256374,129.889862,515,0,-2,3.5,5.25,1.75,-52.288638,135.139763,-52.24562,128.139895
610,-54.256336,129.877563,515,0,-2,3.5,5.25,1.75,-54.2886,135.127464,-54.245582,128.127597
611,-56.256298,129.865265,515,0,-2,3.5,5.25,1.75,-56.288561,135.115166,-56.245544,128.115298
612,-58.256264,129.852966,515,0,-2,3.5,5.25,1.75,-58.288527,135.102867,-58.245509,128.102999
613,-60.256226,129.840698,515,0,-2,3.5,5.25,1.75,-60.288489,135.090599,-60.245471,128.090731
614,-62.256187,129.8284,515,0,-2,3.5,5.25,1.75,-62.288451,135.0783,-62.245433,128.078433
615,-64.038719,129.786072,515,0,-2,3.5,5.25,1.75,-64.287708,135.030164,-63.955723,128.038041
616,-65.784332,129.661514,515,0,-2,3.5,5.25,1.75,-66.282438,134.887832,-65.618297,127.919409
617,-67.522064,129.454071,515,0,-2,3.5,5.25,1.75,-68.268161,134.650785,-67.273365,127.721833
618,-69.247948,129.164246,515,0,-2,3.5,5.25,1.75,-70.240347,134.319597,-68.917148,127.445795
619,-70.958099,128.792648,5,0,-2,3.5,5.25,1.75,-72.194555,133.894969,-70.545948,127.091875
620,-72.648643,128.340134,5,0,-2,3.5,5.25,1.75,-74.126356,133.377878,-72.156073,126.660886
621,-74.315765,127.807747,5,0,-2,3.5,5.25,1.75,-76.031391,132.769513,-73.74389,126.153825
622,-75.955673,127.196671,5,0,-2,3.5,5.25,1.75,-77.905332,132.07123,-75.305787,125.571817
623,-77.564667,126.508301,5,0,-2,3.5,5.25,1.75,-79.743943,131.284623,-76.838241,124.916193
624,-79.139099,125.744194,5,0,-2,3.5,5.25,1.75,-81.543064,130.411468,-78.337777,124.188436
625,-80.675407,124.906052,5,0,-2,3.5,5.25,1.75,-83.298619,129.453717,-79.801004,123.390163
626,-82.17012,123.995811,5,0,-2,3.5,5.25,1.75,-85.006641,128.413577,-81.224613,122.523223
627,-83.61985,123.015518,5,0,-2,3.5,5.25,1.75,-86.663264,127.293384,-82.605379,121.589563
628,-85.021324,121.967377,5,0,-2,3.5,5.25,1.75,-88.264741,126.095663,-83.940185,120.591281
629,-86.371353,120.853767,5,0,-2,3.5,5.25,1.75,-89.807434,124.823131,-85.225993,119.530646
630,-87.666908,119.677223,5,0,-2,3.5,5.25,1.75,-91.287876,123.478682,-86.459919,118.41007
631,-88.905037,118.440392,5,0,-2,3.5,5.25,1.75,-92.702699,122.065342,-87.63915,117.232075
632,-90.082939,117.14608,5,0,-2,3.5,5.25,1.75,-94.0487,120.586318,-88.761019,115.999334
633,-91.19796,115.797211,5,0,-2,3.5,5.25,1.75,-95.322844,119.044953,-89.822999,114.71463
634,-92.247559,114.396843,5,0,-2,3.5,5.25,1.75,-96.522233,117.444737,-90.822667,113.380878
635,-93.255379,112.914261,5,0,-2,3.5,5.25,1.75,-97.646978,115.791127,-91.791512,111.955306
636,-94.249115,111.350037,5,0,-2,3.5,5.25,1.75,-98.719407,114.103033,-92.759018,110.432371
637,-95.198738,109.758652,5,0,-2,3.5,5.25,1.75,-99.74423,112.385628,-93.683574,108.882993
638,-96.103508,108.141342,5,0,-2,3.5,5.25,1.75,-100.720649,110.640244,-94.564461,107.308375
639,-96.962723,106.49939,5,0,-2,3.5,5.25,1.75,-101.647904,108.868266,-95.400996,105.709764
640,-97.775703,104.834053,5,0,-2,3.5,5.25,1.75,-102.525264,107.071053,-96.192516,104.088386
641,-98.541824,103.146645,5,0,-2,3.5,5.25,1.75,-103.352055,105.250018,-96.938414,102.44552
642,-99.26049,101.438484,5,0,-2,3.5,5.25,1.75,-104.127631,103.40659,-97.63811,100.782449
643,-99.931129,99.710907,5,0,-2,3.5,5.25,1.75,-104.851377,101.542208,-98.291047,99.100473
644,-100.553215,97.965256,5,0,-2,3.5,5.25,1.75,-105.522725,99.65832,-98.896712,97.400901
645,-101.126266,96.202904,5,0,-2,3.5,5.25,1.75,-106.141156,97.756409,-99.454637,95.685069
646,-101.649841,94.425224,5,0,-2,3.5,5.25,1.75,-106.706193,95.837954,-99.964391,93.954314
647,-102.12352,92.633598,5,0,-2,3.5,5.25,1.75,-107.217382,93.904451,-100.425566,92.209981
648,-102.546944,90.82943,5,0,-2,3.5,5.25,1.75,-107.674336,91.957415,-100.837813,90.453434
649,-102.919777,89.014145,5,0,-2,3.5,5.25,1.75,-108.076693,89.998379,-101.200805,88.686067
650,-103.241722,87.189133,5,0,-2,3.5,5.25,1.75,-108.424133,88.028847,-101.514252,86.909228
651,-103.512527,85.35585,5,0,-2,3.5,5.25,1.75,-108.716384,86.050385,-101.777909,85.124339
652,-103.731995,83.515709,5,0,-2,3.5,5.25,1.75,-108.95323,84.064525,-101.991583,83.33277
653,-103.89994,81.670151,5,0,-2,3.5,5.25,1.75,-109.134476,82.072819,-102.155095,81.535928
654,-104.016243,79.820618,5,0,-2,3.5,5.25,1.75,-109.259988,80.076821,-102.268328,79.735217
655,-104.080803,77.968559,5,0,-2,3.5,5.25,1.75,-109.32966,78.0781,-102.331184,77.932046
656,-104.093567,76.115425,5,0,-2,3.5,5.25,1.75,-109.343435,76.078217,-102.343611,76.127828
657,-104.071945,74.137184,5,0,-2,3.5,5.25,1.75,-109.321615,74.078338,-102.322055,74.1568
658,-104.04953,72.137314,5,0,-2,3.5,5.25,1.75,-109.2992,72.078467,-102.29964,72.156929
659,-104.027107,70.137436,5,0,-2,3.5,5.25,1.75,-109.276777,70.078589,-102.277217,70.157051
660,-104.004692,68.137566,5,0,-2,3.5,5.25,1.75,-109.254362,68.078719,-102.254802,68.157181
661,-103.982277,66.137688,5,0,-2,3.5,5.25,1.75,-109.231947,66.078841,-102.232387,66.157303
662,-103.959854,64.13781,5,0,-2,3.5,5.25,1.75,-109.209524,64.078963,-102.209964,64.157425
663,-103.937439,62.137939,5,0,-2,3.5,5.25,1.75,-109.187109,62.079093,-102.187549,62.157555
664,-103.915024,60.138065,5,0,-2,3.5,5.25,1.75,-109.164694,60.079219,-102.165134,60.157681
665,-103.892601,58.138191,5,0,-2,3.5,5.25,1.75,-109.142271,58.079345,-102.142711,58.157807
666,-103.870186,56.138317,5,0,-2,3.5,5.25,1.75,-109.119856,56.079471,-102.120296,56.157933
667,-103.847763,54.138443,5,0,-2,3.5,5.25,1.75,-109.097433,54.079597,-102.097873,54.158058
668,-103.825348,52.138565,5,0,-2,3.5,5.25,1.75,-109.075018,52.079719,-102.075458,52.158181
669,-103.802933,50.138695,5,0,-2,3.5,5.25,1.75,-109.052603,50.079848,-102.053043,50.15831
670,-103.78051,48.138817,5,0,-2,3.5,5.25,1.75,-109.03018,48.07997,-102.03062,48.158432
671,-103.758095,46.138947,5,0,-2,3.5,5.25,1.75,-109.007765,46.0801,-102.008205,46.158562
672,-103.73568,44.139069,5,0,-2,3.5,5.25,1.75,-108.98535,44.080222,-101.98579,44.158684
673,-103.713257,42.138939,763,0,-1,3.5,5.25,1.75,-108.962927,42.080092,-101.963367,42.158554
674,-103.633377,40.301567,763,0,-1,3.5,5.25,1.75,-108.855737,39.763558,-101.89259,40.480903
675,-103.340439,38.54657,763,0,-1,3.5,5.25,1.75,-108.454429,37.359302,-101.635775,38.942326
676,-102.8302,36.842022,763,0,-1,3.5,5.25,1.75,-107.755428,35.024158,-101.188458,37.447976
677,-102.11068,35.214725,763,0,-1,3.5,5.25,1.75,-106.769721,32.794843,-100.557666,36.021353
678,-101.193184,33.69025,763,0,-1,3.5,5.25,1.75,-105.512799,30.70639,-99.753312,34.684871
679,-100.09214,32.292564,763,0,-1,3.5,5.25,1.75,-104.004424,28.791631,-98.788045,33.459542
680,-98.831009,31.055948,763,0,-1,3.5,5.25,1.75,-102.245234,27.06777,-97.692934,32.385341
681,-97.41851,30.003862,763,0,-1,3.5,5.25,1.75,-100.262026,25.590596,-96.470672,31.474951
682,-95.876709,29.152462,763,0,-1,3.5,5.25,1.75,-98.097271,24.395193,-95.136522,30.738218
683,-94.233932,28.517387,763,0,-1,3.5,5.25,1.75,-95.790743,23.503522,-93.714996,30.188676
684,-92.520363,28.110313,763,0,-1,3.5,5.25,1.75,-93.384817,22.931972,-92.232211,29.836427
685,-90.767487,27.938713,763,0,-1,3.5,5.25,1.75,-90.923702,22.691038,-90.715415,29.687938
686,-88.824333,27.937235,763,0,-1,3.5,5.25,1.75,-88.809746,22.687255,-88.829196,29.687228
687,-86.824341,27.942793,18,0,-2,3.5,5.25,1.75,-86.809754,22.692813,-86.829203,29.692786
688,-84.824348,27.948349,18,0,-2,3.5,5.25,1.75,-84.809761,22.698369,-84.829211,29.698342
689,-82.824356,27.953907,18,0,-2,3.5,5.25,1.75,-82.809769,22.703927,-82.829218,29.7039
690,-80.824364,27.959463,18,0,-2,3.5,5.25,1.75,-80.809776,22.709483,-80.829226,29.709456
691,-78.824379,27.965021,18,0,-2,3.5,5.25,1.75,-78.809792,22.715041,-78.829241,29.715014
692,-76.824387,27.970577,19,0,-2,3.5,5.25,1.75,-76.809799,22.720598,-76.829249,29.72057
693,-74.824394,27.976135,19,0,-2,3.5,5.25,1.75,-74.809807,22.726156,-74.829257,29.726128
694,-72.824402,27.981691,19,0,-2,3.5,5.25,1.75,-72.809815,22.731712,-72.829264,29.731685
695,-70.824409,27.987249,19,0,-2,3.5,5.25,1.75,-70.809822,22.73727,-70.829272,29.737243
696,-68.824417,27.992805,19,0,-2,3.5,5.25,1.75,-68.80983,22.742826,-68.82928,29.742799
697,-66.824425,27.998363,255,0,-2,3.5,5.25,1.75,-66.809838,22.748384,-66.829287,29.748357
698,-64.824432,28.00392,255,0,-2,3.5,5.25,1.75,-64.809845,22.75394,-64.829295,29.753913
699,-62.824432,28.009478,255,0,-2,3.5,5.25,1.75,-62.809845,22.759498,-62.829295,29.759471
700,-60.824444,28.015034,255,0,-2,3.5,5.25,1.75,-60.809857,22.765054,-60.829306,29.765027
701,-58.824451,28.020592,255,0,-2,3.5,5.25,1.75,-58.809864,22.770612,-58.829314,29.770585
702,-56.824459,28.026148,255,0,-2,3.5,5.25,1.75,-56.809872,22.776168,-56.829321,29.776141
703,-54.824467,28.031706,255,0,-2,3.5,5.25,1.75,-54.809879,22.781726,-54.829329,29.781699
704,-52.824474,28.037262,255,0,-2,3.5,5.25,1.75,-52.809887,22.787282,-52.829337,29.787255
705,-50.824482,28.04282,255,0,-2,3.5,5.25,1.75,-50.809895,22.79284,-50.829344,29.792813
706,-48.82449,28.048376,255,0,-2,3.5,5.25,1.75,-48.809902,22.798396,-48.829352,29.798369
707,-46.824497,28.053934,255,0,-2,3.5,5.25,1.75,-46.80991,22.803954,-46.82936,29.803927
708,-44.824505,28.05949,255,0,-2,3.5,5.25,1.75,-44.809918,22.809511,-44.829367,29.809483
709,-42.824512,28.065048,255,0,-2,3.5,5.25,1.75,-42.809925,22.815069,-42.829375,29.815041
710,-40.82452,28.070604,255,0,-2,3.5,5.25,1.75,-40.809933,22.820625,-40.829383,29.820598
711,-38.824528,28.076162,255,0,-2,3.5,5.25,1.75,-38.809941,22.826183,-38.82939,29.826156
712,-36.824535,28.081718,255,0,-2,3.5,5.25,1.75,-36.809948,22.831739,-36.829398,29.831712
713,-34.824543,28.087275,255,0,-2,3.5,5.25,1.75,-34.809956,22.837295,-34.829405,29.837268
714,-32.824551,28.092833,255,0,-2,3.5,5.25,1.75,-32.809963,22.842853,-32.829413,29.842826
715,-30.82456,28.098389,255,0,-2,3.5,5.25,1.75,-30.809973,22.848409,-30.829423,29.848382
716,-28.824568,28.103947,255,0,-2,3.5,5.25,1.75,-28.809981,22.853967,-28.82943,29.85394
717,-26.824574,28.109503,20,0,-2,3.5,5.25,1.75,-26.809986,22.859523,-26.829436,29.859496
718,-24.824581,28.115059,20,0,-2,3.5,5.25,1.75,-24.809994,22.865079,-24.829444,29.865052
719,-22.824591,28.120617,20,0,-2,3.5,5.25,1.75,-22.810003,22.870637,-22.829453,29.87061
720,-20.824598,28.126173,20,0,-2,3.5,5.25,1.75,-20.810011,22.876193,-20.829461,29.876166
721,-18.824606,28.131731,20,0,-2,3.5,5.25,1.75,-18.810019,22.881751,-18.829468,29.881724
722,-16.824614,28.137287,20,0,-2,3.5,5.25,1.75,-16.810026,22.887307,-16.829476,29.88728
723,-14.82462,28.142845,20,0,-2,3.5,5.25,1.75,-14.810033,22.892865,-14.829483,29.892838
724,-12.824628,28.148401,20,0,-2,3.5,5.25,1.75,-12.810041,22.898422,-12.82949,29.898394
725,-10.824636,28.153959,20,0,-2,3.5,5.25,1.75,-10.810049,22.90398,-10.829499,29.903952
726,-8.824644,28.159515,20,0,-2,3.5,5.25,1.75,-8.810057,22.909536,-8.829506,29.909509
727,-6.824652,28.165073,20,0,-2,3.5,5.25,1.75,-6.810064,22.915094,-6.829514,29.915067
728,-4.824659,28.17063,20,0,-2,3.5,5.25,1.75,-4.810072,22.92065,-4.829522,29.920623
729,-2.824667,28.176188,20,0,-2,3.5,5.25,1.75,-2.81008,22.926208,-2.829529,29.926181
730,-0.824674,28.181744,20,0,-2,3.5,5.25,1.75,-0.810087,22.931764,-0.829537,29.931737
731,1.175318,28.187302,20,0,-2,3.5,5.25,1.75,1.189905,22.937322,1.170456,29.937295
732,3.17531,28.192858,20,0,-2,3.5,5.25,1.75,3.189898,22.942878,3.170448,29.942851
733,5.175301,28.198416,20,0,-2,3.5,5.25,1.75,5.189888,22.948436,5.170438,29.948409
734,7.175293,28.203972,20,0,-2,3.5,5.25,1.75,7.18988,22.953992,7.170431,29.953965
735,9.175285,28.20953,20,0,-2,3.5,5.25,1.75,9.189873,22.95955,9.170423,29.959523
736,11.175278,28.215086,20,0,-2,3.5,5.25,1.75,11.189865,22.965106,11.170415,29.965079
737,13.17527,28.220644,20,0,-2,3.5,5.25,1.75,13.189857,22.970664,13.170408,29.970637
738,15.175262,28.2262,20,0,-2,3.5,5.25,1.75,15.18985,22.97622,15.1704,29.976193
739,17.175255,28.231758,20,0,-2,3.5,5.25,1.75,17.189842,22.981778,17.170392,29.981751
740,19.175247,28.237314,20,0,-2,3.5,5.25,1.75,19.189834,22.987335,19.170385,29.987307
741,21.17524,28.242872,20,0,-2,3.5,5.25,1.75,21.189827,22.992893,21.170377,29.992865
742,23.175232,28.248428,20,0,-2,3.5,5.25,1.75,23.189819,22.998449,23.17037,29.998422
743,25.175224,28.253986,20,0,-2,3.5,5.25,1.75,25.189812,23.004007,25.170362,30.00398
744,27.175219,28.259542,848,0,-1,3.5,4.725,1.75,27.188349,23.534561,27.170356,30.009536
745,29.064625,28.289486,848,0,-1,3.5,4.725,1.75,29.374525,23.57466,28.949847,30.035718
746,30.801516,28.526794,848,0,-1,3.5,4.725,1.75,31.767721,23.901638,30.443662,30.239815
747,32.488152,29.004667,848,0,-1,3.5,4.725,1.75,34.091672,24.560081,31.894255,30.65081
748,34.091381,29.713715,848,0,-1,3.5,4.725,1.75,36.300703,25.537051,33.273114,31.260627
749,35.579704,30.639997,848,0,-1,3.5,4.725,1.75,38.351406,26.813341,34.553148,32.057278
750,36.921581,31.763418,848,0,-1,3.5,4.725,1.75,40.206931,28.367523,35.704785,33.021157
751,38.069073,33.057957,848,0,-1,3.5,4.725,1.75,41.834655,30.203834,36.674413,34.115039
752,39.005329,34.512604,848,0,-1,3.5,4.725,1.75,43.162737,32.267257,37.465548,35.344214
753,39.708366,36.093204,848,0,-1,3.5,4.725,1.75,44.159998,34.509347,38.059614,36.679818
754,40.161671,37.762657,848,0,-1,3.5,4.725,1.75,44.803016,36.877477,38.442654,38.090502
755,40.354614,39.481762,848,0,-1,3.5,4.725,1.75,45.076707,39.316036,38.605691,39.543142
756,40.383057,41.443401,848,0,-1,3.5,4.725,1.75,45.107651,41.381462,38.633207,41.466342
757,40.409275,43.44323,9,0,1,3.5,4.725,1.75,45.133869,43.381291,38.659425,43.46617
758,40.435493,45.443058,9,0,1,3.5,4.725,1.75,45.160087,45.38112,38.685644,45.465998
759,40.461708,47.442886,9,0,1,3.5,4.725,1.75,45.186302,47.380948,38.711858,47.465827
760,40.487926,49.442715,9,0,1,3.5,4.725,1.75,45.21252,49.380776,38.738077,49.465655
761,40.514145,51.442543,9,0,1,3.5,4.725,1.75,45.238739,51.380605,38.764295,51.465483
762,40.540363,53.442368,152,0,1,3.5,4.725,1.75,45.264957,53.380429,38.790514,53.465308
763,40.566582,55.442196,152,0,1,3.5,4.725,1.75,45.291176,55.380257,38.816732,55.465136
764,40.60117,57.499603,152,0,1,3.5,4.725,1.75,45.321145,57.281759,38.853031,57.580286
765,40.892429,59.764595,152,0,1,3.5,4.725,1.75,45.513961,58.781199,39.180751,60.128816
766,41.548569,61.95195,152,0,1,3.5,4.725,1.75,45.948331,60.229243,39.919027,62.58999
767,42.552071,64.003296,152,0,1,3.5,4.725,1.75,46.612655,61.587249,41.04815,64.898128
768,43.876812,65.864647,152,0,1,3.5,4.725,1.75,47.488141,62.817693,42.539283,66.993148
769,45.588455,67.502228,152,0,1,3.5,4.725,1.75,48.472802,63.759746,44.520179,68.888332
770,47.608013,68.740295,152,0,1,3.5,4.725,1.75,49.634599,64.471973,46.857426,70.321155
771,49.843914,69.522713,152,0,1,3.5,4.725,1.75,50.920853,64.922079,49.445048,71.226651
772,52.194778,69.813988,152,0,1,3.5,4.725,1.75,52.27324,65.089639,52.165719,71.563746
773,54.221592,69.817886,152,0,1,3.5,4.725,1.75,54.227635,65.09289,54.219354,71.567885
774,56.221588,69.82045,152,0,1,3.5,4.725,1.75,56.227631,65.095454,56.21935,71.570448
775,58.222004,69.822998,11,0,1,3.5,4.725,1.75,58.228047,65.098002,58.219766,71.572997
776,60.222,69.825562,11,0,1,3.5,4.725,1.75,60.228043,65.100565,60.219762,71.57556
777,62.222,69.828117,11,0,1,3.5,4.725,1.75,62.228043,65.103121,62.219762,71.578116
778,64.222,69.830673,11,0,1,3.5,4.725,1.75,64.228043,65.105677,64.219762,71.580672
779,66.222,69.833229,11,0,1,3.5,4.725,1.75,66.228043,65.108233,66.219762,71.583228
780,68.222,69.835785,11,0,1,3.5,4.725,1.75,68.228043,65.110789,68.219762,71.585783
781,70.221992,69.838341,11,0,1,3.5,4.725,1.75,70.228035,65.113345,70.219755,71.588339
782,72.221992,69.840904,11,0,1,3.5,4.725,1.75,72.228035,65.115908,72.219755,71.590903
783,74.221992,69.84346,11,0,1,3.5,4.725,1.75,74.228035,65.118464,74.219755,71.593459
784,76.221992,69.846016,11,0,1,3.5,4.725,1.75,76.228035,65.12102,76.219755,71.596014
785,78.221992,69.848572,11,0,1,3.5,4.725,1.75,78.228035,65.123576,78.219755,71.59857
786,80.221992,69.851128,11,0,1,3.5,4.725,1.75,80.228035,65.126132,80.219755,71.601126
787,82.221985,69.853691,11,0,1,3.5,4.725,1.75,82.228027,65.128695,82.219747,71.60369
788,84.221985,69.856247,11,0,1,3.5,4.725,1.75,84.228027,65.131251,84.219747,71.606245
789,86.221985,69.858803,712,0,1,3.5,4.725,1.75,86.228027,65.133807,86.219747,71.608801
790,88.221985,69.861359,712,0,1,3.5,4.725,1.75,88.228027,65.136363,88.219747,71.611357
791,90.18029,69.866425,712,0,1,3.5,4.725,1.75,90.298829,65.142912,90.136387,71.615874
792,91.841454,70.063171,712,0,1,3.5,4.725,1.75,92.829649,65.442663,91.475455,71.774471
793,93.437782,70.56311,712,0,1,3.5,4.725,1.75,95.261687,66.204327,92.762262,72.177475
794,94.914444,71.349045,712,0,1,3.5,4.725,1.75,97.511405,67.401715,93.952606,72.811019
795,96.220688,72.39399,712,0,1,3.5,4.725,1.75,99.501498,68.993709,95.005573,73.653353
796,97.296387,73.654907,712,0,1,3.5,4.725,1.75,101.171913,70.951961,95.861007,74.655999
797,98.107788,75.099602,712,0,1,3.5,4.725,1.75,102.432705,73.196782,96.505967,75.80435
798,98.624634,76.673897,712,0,1,3.5,4.725,1.75,103.235798,75.642982,96.916795,77.055717
799,98.827415,78.318398,712,0,1,3.5,1.75,1.75,103.57685,78.273908,97.077981,78.362887
800,98.818596,80.261909,712,0,1,3.5,1.75,1.75,103.568555,80.273844,97.068637,80.249975
